{
  "version": 1,
  "author": "Anonymous maker",
  "editor": "wokwi",
  "parts": [
    { "type": "board-esp32-devkit-c-v4", "id": "esp", "top": 0, "left": 0, "attrs": {} },
    {
      "type": "wokwi-led",
      "id": "led1",
      "top": 15.6,
      "left": 234.2,
      "attrs": { "color": "yellow" }
    },
    {
      "type": "wokwi-led",
      "id": "led2",
      "top": 44.4,
      "left": 282.2,
      "attrs": { "color": "limegreen" }
    },
    { "type": "wokwi-led", "id": "led3", "top": -3.6, "left": 186.2, "attrs": { "color": "red" } },
    {
      "type": "wokwi-resistor",
      "id": "r1",
      "top": 32.75,
      "left": 124.8,
      "attrs": { "value": "1000" }
    },
    {
      "type": "wokwi-resistor",
      "id": "r2",
      "top": 51.95,
      "left": 124.8,
      "attrs": { "value": "1000" }
    },
    {
      "type": "wokwi-resistor",
      "id": "r3",
      "top": 71.15,
      "left": 124.8,
      "attrs": { "value": "1000" }
    }
  ],
  "connections": [
    [ "esp:TX", "$serialMonitor:RX", "", [] ],
    [ "esp:RX", "$serialMonitor:TX", "", [] ],
    [ "esp:23", "r1:1", "green", [ "h0" ] ],
    [ "esp:22", "r2:1", "green", [ "h0" ] ],
    [ "esp:21", "r3:1", "green", [ "h0" ] ],
    [ "led3:A", "r1:2", "green", [ "v0" ] ],
    [ "led3:C", "esp:GND.3", "green", [ "v0" ] ],
    [ "r2:2", "led2:A", "green", [ "v0" ] ],
    [ "led2:C", "esp:GND.3", "green", [ "v0" ] ],
    [ "r3:2", "led1:A", "green", [ "v0" ] ],
    [ "led1:C", "esp:GND.3", "green", [ "v0" ] ]
  ],
  "dependencies": {}
}